{
  "best_metric": null,
  "best_model_checkpoint": null,
  "epoch": 11.425531914893616,
  "global_step": 800,
  "is_hyper_param_search": false,
  "is_local_process_zero": true,
  "is_world_process_zero": true,
  "log_history": [
    {
      "epoch": 5.71,
      "learning_rate": 0.0023580000000000003,
      "loss": 2.9728,
      "step": 400
    },
    {
      "epoch": 5.71,
      "eval_loss": 1.3582955598831177,
      "eval_runtime": 33.8837,
      "eval_samples_per_second": 32.287,
      "eval_steps_per_second": 2.036,
      "eval_wer": 0.919542781045389,
      "step": 400
    },
    {
      "epoch": 11.43,
      "learning_rate": 0.00246,
      "loss": 1.5731,
      "step": 800
    },
    {
      "epoch": 11.43,
      "eval_loss": 1.2493051290512085,
      "eval_runtime": 33.8504,
      "eval_samples_per_second": 32.319,
      "eval_steps_per_second": 2.038,
      "eval_wer": 0.960159804683165,
      "step": 800
    }
  ],
  "max_steps": 2100,
  "num_train_epochs": 30,
  "total_flos": 6.5978347704193e+18,
  "trial_name": null,
  "trial_params": null
}
